<?xml version="1.0" encoding="UTF-8"?>
<project-private xmlns="http://www.netbeans.org/ns/project-private/1">
    <editor-bookmarks xmlns="http://www.netbeans.org/ns/editor-bookmarks/2" lastBookmarkId="0"/>
    <open-files xmlns="http://www.netbeans.org/ns/projectui-open-files/2">
        <group>
            <file>file:/C:/Users/don/Documents/NetBeansProjects/H6_1/src/h6/xform2to3.java</file>
            <file>file:/C:/Users/don/Documents/NetBeansProjects/H6_1/src/h6/xform1to2.java</file>
            <file>file:/C:/Users/don/Documents/NetBeansProjects/H6_1/test/h6/oneTest.java</file>
        </group>
    </open-files>
</project-private>
