<?xml version="1.0" encoding="UTF-8"?>
<project-private xmlns="http://www.netbeans.org/ns/project-private/1">
    <editor-bookmarks xmlns="http://www.netbeans.org/ns/editor-bookmarks/2" lastBookmarkId="0"/>
    <open-files xmlns="http://www.netbeans.org/ns/projectui-open-files/2">
        <group>
            <file>file:/C:/Users/don/Documents/NetBeansProjects/OOFrameworkShell/src/Framework/Factory.java</file>
            <file>file:/C:/Users/don/Documents/NetBeansProjects/OOFrameworkShell/src/BIPlugIn/Calc.java</file>
            <file>file:/C:/Users/don/Documents/NetBeansProjects/OOFrameworkShell/src/Framework/Gui.java</file>
            <file>file:/C:/Users/don/Documents/NetBeansProjects/OOFrameworkShell/src/DPlugIn/Factory.java</file>
            <file>file:/C:/Users/don/Documents/NetBeansProjects/OOFrameworkShell/src/BIPlugIn/Factory.java</file>
        </group>
    </open-files>
</project-private>
